method,checkpoint,task_name,seed,sparsity_target,sparsity_actual,recovery_epochs,accuracy,f1,acc_with_recovery,f1_with_recovery
pruning,bert-base-uncased,ag_news,42,0.0,0.0,0,0.9456578947368421,0.9456976168086222,,
pruning,bert-base-uncased,ag_news,42,0.01,0.009990226987410145,0,0.9457894736842105,0.9458264887436891,,
pruning,bert-base-uncased,ag_news,42,0.02,0.019980442294114886,0,0.9456578947368421,0.9456933915706184,,
pruning,bert-base-uncased,ag_news,42,0.03,0.02997066928152492,0,0.9455263157894737,0.9455621244335338,,
pruning,bert-base-uncased,ag_news,42,0.04,0.03996088458822966,0,0.9455263157894737,0.945565733355605,,
pruning,bert-base-uncased,ag_news,42,0.05,0.049951111575639806,0,0.9453947368421053,0.9454253338849394,,
pruning,bert-base-uncased,ag_news,42,0.06,0.05994132688234455,0,0.9448684210526316,0.9449077209703619,,
pruning,bert-base-uncased,ag_news,42,0.07,0.06993155386975458,0,0.9447368421052632,0.9447515420697253,,
pruning,bert-base-uncased,ag_news,42,0.08,0.07992176917645932,0,0.9447368421052632,0.9447583752446678,,
pruning,bert-base-uncased,ag_news,42,0.09,0.08991199616386947,0,0.9451315789473684,0.9451637464822944,,
pruning,bert-base-uncased,ag_news,42,0.1,0.09990221147057421,0,0.945,0.9450299157926401,,
pruning,bert-base-uncased,ag_news,42,0.11,0.10989243845798424,0,0.9444736842105264,0.9445091330924978,,
pruning,bert-base-uncased,ag_news,42,0.12,0.11988265376468898,0,0.9443421052631579,0.9443689381657203,,
pruning,bert-base-uncased,ag_news,42,0.13,0.12987288075209913,0,0.9444736842105264,0.9445056033985231,,
pruning,bert-base-uncased,ag_news,42,0.14,0.13986309605880387,0,0.9446052631578947,0.9446289336506882,,
pruning,bert-base-uncased,ag_news,42,0.15,0.14985332304621402,0,0.9448684210526316,0.9448785054539546,,
pruning,bert-base-uncased,ag_news,42,0.16,0.15984353835291865,0,0.9444736842105264,0.9444969890826618,,
pruning,bert-base-uncased,ag_news,42,0.17,0.1698337653403288,0,0.9448684210526316,0.9448888317094177,,
pruning,bert-base-uncased,ag_news,42,0.18,0.17982398064703353,0,0.9451315789473684,0.9451519031845659,,
pruning,bert-base-uncased,ag_news,42,0.19,0.18981420763444368,0,0.9453947368421053,0.9453971142685322,,
pruning,bert-base-uncased,ag_news,42,0.2,0.1998044229411483,0,0.9453947368421053,0.9453924346921632,,
pruning,bert-base-uncased,ag_news,42,0.21,0.20979464992855845,0,0.9444736842105264,0.9444569224309428,,
pruning,bert-base-uncased,ag_news,42,0.22,0.2197848652352632,0,0.9444736842105264,0.9444502976298214,,
pruning,bert-base-uncased,ag_news,42,0.23,0.22977509222267334,0,0.9443421052631579,0.9443391936724022,,
pruning,bert-base-uncased,ag_news,42,0.24,0.23976530752937808,0,0.9443421052631579,0.9443241638259448,,
pruning,bert-base-uncased,ag_news,42,0.25,0.2497555345167881,0,0.9455263157894737,0.9454868483686049,,
pruning,bert-base-uncased,ag_news,42,0.26,0.25974576150419826,0,0.9446052631578947,0.9445518552329246,,
pruning,bert-base-uncased,ag_news,42,0.27,0.269735976810903,0,0.9455263157894737,0.9454854136577626,,
pruning,bert-base-uncased,ag_news,42,0.28,0.27972620379831314,0,0.9451315789473684,0.9451065067959277,,
pruning,bert-base-uncased,ag_news,42,0.29,0.2897164191050178,0,0.9453947368421053,0.9453806586043312,,
pruning,bert-base-uncased,ag_news,42,0.3,0.2997066460924279,0,0.9455263157894737,0.9455025674886679,,
pruning,bert-base-uncased,ag_news,42,0.31,0.30969686139913266,0,0.9460526315789474,0.946002047523425,,
pruning,bert-base-uncased,ag_news,42,0.32,0.3196870883865428,0,0.9452631578947368,0.9451811078335441,,
pruning,bert-base-uncased,ag_news,42,0.33,0.32967730369324744,0,0.9451315789473684,0.9450551618626095,,
pruning,bert-base-uncased,ag_news,42,0.34,0.3396675306806576,0,0.9447368421052632,0.944685602241047,,
pruning,bert-base-uncased,ag_news,42,0.35,0.3496577459873623,0,0.9436842105263158,0.9436355381447037,,
pruning,bert-base-uncased,ag_news,42,0.36,0.35964797297477247,0,0.944078947368421,0.9440170854342584,,
pruning,bert-base-uncased,ag_news,42,0.37,0.3696381882814771,0,0.9436842105263158,0.9436016490430146,,
pruning,bert-base-uncased,ag_news,42,0.38,0.37962841526888724,0,0.9415789473684211,0.9414403228420809,,
pruning,bert-base-uncased,ag_news,42,0.39,0.389618630575592,0,0.9418421052631579,0.9417101719190084,,
pruning,bert-base-uncased,ag_news,42,0.4,0.39960885756300213,0,0.9382894736842106,0.9380485426885813,,
pruning,bert-base-uncased,ag_news,42,0.41,0.40959907286970687,0,0.9369736842105263,0.936703915429042,,
pruning,bert-base-uncased,ag_news,42,0.42,0.4195892998571169,0,0.9361842105263158,0.9358865952732974,,
pruning,bert-base-uncased,ag_news,42,0.43,0.42957951516382165,0,0.935921052631579,0.9356399317987372,,
pruning,bert-base-uncased,ag_news,42,0.44,0.4395697421512318,0,0.9346052631578947,0.9342650919958508,,
pruning,bert-base-uncased,ag_news,42,0.45,0.44955995745793653,0,0.9331578947368421,0.9328297042600203,,
pruning,bert-base-uncased,ag_news,42,0.46,0.45955018444534657,0,0.9303947368421053,0.9300105338084097,,
pruning,bert-base-uncased,ag_news,42,0.47,0.4695403997520513,0,0.9296052631578947,0.9292150183566215,,
pruning,bert-base-uncased,ag_news,42,0.48,0.47953062673946145,0,0.9310526315789474,0.9307294365578878,,
pruning,bert-base-uncased,ag_news,42,0.49,0.4895208420461662,0,0.9269736842105263,0.9266830736156165,,
pruning,bert-base-uncased,ag_news,42,0.5,0.4995110690335762,0,0.9261842105263158,0.9258713312374647,,
pruning,bert-base-uncased,ag_news,42,0.51,0.5095012960209864,0,0.9226315789473685,0.9222414380651578,,
pruning,bert-base-uncased,ag_news,42,0.52,0.5194915113276911,0,0.9153947368421053,0.9146709875844192,,
pruning,bert-base-uncased,ag_news,42,0.53,0.5294817383151013,0,0.9098684210526315,0.9092305668545593,,
pruning,bert-base-uncased,ag_news,42,0.54,0.539471953621806,0,0.9026315789473685,0.9019332536857675,,
pruning,bert-base-uncased,ag_news,42,0.55,0.5494621806092161,0,0.8943421052631579,0.8935553642042982,,
pruning,bert-base-uncased,ag_news,42,0.56,0.5594523959159208,0,0.885,0.8840230562015501,,
pruning,bert-base-uncased,ag_news,42,0.57,0.5694426229033309,0,0.8614473684210526,0.8594926164266002,,
pruning,bert-base-uncased,ag_news,42,0.58,0.5794328382100356,0,0.8007894736842105,0.78897270282322,,
pruning,bert-base-uncased,ag_news,42,0.59,0.5894230651974457,0,0.7617105263157895,0.7323285687742089,,
pruning,bert-base-uncased,ag_news,42,0.6,0.5994132805041504,0,0.6992105263157895,0.6343086532687191,,
pruning,bert-base-uncased,ag_news,42,0.61,0.6094035074915606,0,0.6926315789473684,0.6342910507183297,,
pruning,bert-base-uncased,ag_news,42,0.62,0.6193937227982653,0,0.6485526315789474,0.5592797631454869,,
pruning,bert-base-uncased,ag_news,42,0.63,0.6293839497856755,0,0.6401315789473684,0.5636008588919332,,
pruning,bert-base-uncased,ag_news,42,0.64,0.6393741650923801,0,0.5726315789473684,0.5144403400473839,,
pruning,bert-base-uncased,ag_news,42,0.65,0.6493643920797902,0,0.41092105263157896,0.3553489372690466,,
pruning,bert-base-uncased,ag_news,42,0.66,0.659354607386495,0,0.32842105263157895,0.24209287992581183,,
pruning,bert-base-uncased,ag_news,42,0.67,0.669344834373905,0,0.2519736842105263,0.1040866389133002,,
pruning,bert-base-uncased,ag_news,42,0.68,0.6793350496806099,0,0.25,0.1,,
pruning,bert-base-uncased,ag_news,42,0.69,0.6893252766680199,0,0.25,0.1,,
pruning,bert-base-uncased,ag_news,42,0.7,0.6993154919747246,0,0.25,0.1,,
pruning,bert-base-uncased,ag_news,42,0.71,0.7093057189621348,0,0.2501315789473684,0.10027354688737965,,
pruning,bert-base-uncased,ag_news,42,0.72,0.7192959342688394,0,0.2519736842105263,0.10407459352474913,,
pruning,bert-base-uncased,ag_news,42,0.73,0.7292861612562496,0,0.25,0.1,,
pruning,bert-base-uncased,ag_news,42,0.74,0.7392763765629543,0,0.25,0.1,,
pruning,bert-base-uncased,ag_news,42,0.75,0.7492666035503643,0,0.25,0.1,,
pruning,bert-base-uncased,ag_news,42,0.76,0.7592568305377745,0,0.25,0.1,,
pruning,bert-base-uncased,ag_news,42,0.77,0.7692470458444792,0,0.25,0.1,,
pruning,bert-base-uncased,ag_news,42,0.78,0.7792372728318894,0,0.25,0.1,,
pruning,bert-base-uncased,ag_news,42,0.79,0.7892274881385941,0,0.2521052631578947,0.11434309079660027,,
pruning,bert-base-uncased,ag_news,42,0.8,0.7992177151260043,0,0.23289473684210527,0.15438179573884717,,
pruning,bert-base-uncased,ag_news,42,0.81,0.8092079304327089,0,0.2506578947368421,0.10324512049990017,,
pruning,bert-base-uncased,ag_news,42,0.82,0.819198157420119,0,0.24907894736842107,0.10250225405844737,,
pruning,bert-base-uncased,ag_news,42,0.83,0.8291883727268238,0,0.25,0.10001052742393936,,
pruning,bert-base-uncased,ag_news,42,0.84,0.8391785997142339,0,0.24960526315789475,0.09994731296101159,,
pruning,bert-base-uncased,ag_news,42,0.85,0.8491688150209387,0,0.25,0.1,,
pruning,bert-base-uncased,ag_news,42,0.86,0.8591590420083487,0,0.24986842105263157,0.09995789030424256,,
pruning,bert-base-uncased,ag_news,42,0.87,0.8691492573150534,0,0.25,0.1,,
pruning,bert-base-uncased,ag_news,42,0.88,0.8791394843024636,0,0.25,0.1,,
pruning,bert-base-uncased,ag_news,42,0.89,0.8891296996091682,0,0.25,0.1,,
pruning,bert-base-uncased,ag_news,42,0.9,0.8991199265965784,0,0.25,0.1,,
pruning,bert-base-uncased,ag_news,42,0.91,0.9091101419032831,0,0.2501315789473684,0.10033593046867918,,
pruning,bert-base-uncased,ag_news,42,0.92,0.9191003688906932,0,0.25552631578947366,0.12513045413671742,,
pruning,bert-base-uncased,ag_news,42,0.93,0.929090584197398,0,0.25,0.1,,
pruning,bert-base-uncased,ag_news,42,0.94,0.939080811184808,0,0.25,0.1,,
pruning,bert-base-uncased,ag_news,42,0.95,0.9490710264915128,0,0.25,0.1,,
pruning,bert-base-uncased,ag_news,42,0.96,0.9590612534789229,0,0.25,0.1,,
pruning,bert-base-uncased,ag_news,42,0.97,0.9690514687856276,0,0.25,0.1,,
pruning,bert-base-uncased,ag_news,42,0.98,0.9790416957730377,0,0.25,0.1,,
pruning,bert-base-uncased,ag_news,42,0.99,0.9890319110797424,0,0.25,0.1,,
pruning,bert-large-uncased,ag_news,42,0.0,0.0,0,0.9488157894736842,0.9488082552366269,,
pruning,bert-large-uncased,ag_news,42,0.01,0.009992673992480716,0,0.949078947368421,0.9490697846915186,,
pruning,bert-large-uncased,ag_news,42,0.02,0.019985344687512896,0,0.9488157894736842,0.9488074041429206,,
pruning,bert-large-uncased,ag_news,42,0.03,0.029978018679993612,0,0.949078947368421,0.9490664478793187,,
pruning,bert-large-uncased,ag_news,42,0.04,0.03997068937502568,0,0.9496052631578947,0.9495953360148264,,
pruning,bert-large-uncased,ag_news,42,0.05,0.04996336336750651,0,0.9492105263157895,0.9492044929633616,,
pruning,bert-large-uncased,ag_news,42,0.06,0.059956037359987224,0,0.9486842105263158,0.9486819508845046,,
pruning,bert-large-uncased,ag_news,42,0.07,0.06994870805501929,0,0.9492105263157895,0.949212509607164,,
pruning,bert-large-uncased,ag_news,42,0.08,0.07994138204750001,0,0.9493421052631579,0.94935195588766,,
pruning,bert-large-uncased,ag_news,42,0.09,0.08993405274253219,0,0.949078947368421,0.9490853171948921,,
pruning,bert-large-uncased,ag_news,42,0.1,0.0999267267350129,0,0.9486842105263158,0.9486838223263743,,
pruning,bert-large-uncased,ag_news,42,0.11,0.10991940072749362,0,0.9489473684210527,0.9489397836787861,,
pruning,bert-large-uncased,ag_news,42,0.12,0.1199120714225258,0,0.9488157894736842,0.948817392929119,,
pruning,bert-large-uncased,ag_news,42,0.13,0.12990474541500652,0,0.9485526315789473,0.9485563397253107,,
pruning,bert-large-uncased,ag_news,42,0.14,0.1398974161100387,0,0.9486842105263158,0.9486728591384923,,
pruning,bert-large-uncased,ag_news,42,0.15,0.1498900901025194,0,0.9480263157894737,0.948015504638374,,
pruning,bert-large-uncased,ag_news,42,0.16,0.15988276409500013,0,0.9485526315789473,0.9485196283808155,,
pruning,bert-large-uncased,ag_news,42,0.17,0.1698754347900323,0,0.9478947368421052,0.9478588106627406,,
pruning,bert-large-uncased,ag_news,42,0.18,0.17986810878251303,0,0.9481578947368421,0.9481421497906148,,
pruning,bert-large-uncased,ag_news,42,0.19,0.1898607794775451,0,0.9482894736842106,0.9482716995580436,,
pruning,bert-large-uncased,ag_news,42,0.2,0.1998534534700258,0,0.9472368421052632,0.947188106636283,,
pruning,bert-large-uncased,ag_news,42,0.21,0.20984612746250664,0,0.9460526315789474,0.9460106548611272,,
pruning,bert-large-uncased,ag_news,42,0.22,0.2198387981575387,0,0.9464473684210526,0.9464061397670593,,
pruning,bert-large-uncased,ag_news,42,0.23,0.22983147215001942,0,0.9469736842105263,0.9469344937211563,,
pruning,bert-large-uncased,ag_news,42,0.24,0.2398241428450516,0,0.9475,0.9474519921942905,,
pruning,bert-large-uncased,ag_news,42,0.25,0.24981681683753232,0,0.9469736842105263,0.9469036151181538,,
pruning,bert-large-uncased,ag_news,42,0.26,0.25980949083001303,0,0.9463157894736842,0.9462411508137192,,
pruning,bert-large-uncased,ag_news,42,0.27,0.2698021615250452,0,0.9460526315789474,0.9459688058982415,,
pruning,bert-large-uncased,ag_news,42,0.28,0.27979483551752593,0,0.945,0.9449066366678296,,
pruning,bert-large-uncased,ag_news,42,0.29,0.289787506212558,0,0.9456578947368421,0.9455846241816218,,
pruning,bert-large-uncased,ag_news,42,0.3,0.2997801802050388,0,0.9451315789473684,0.9450632820926085,,
pruning,bert-large-uncased,ag_news,42,0.31,0.30977285419751954,0,0.9446052631578947,0.9445484124468626,,
pruning,bert-large-uncased,ag_news,42,0.32,0.3197655248925516,0,0.944078947368421,0.9440417852494496,,
pruning,bert-large-uncased,ag_news,42,0.33,0.32975819888503244,0,0.945,0.9449490615689247,,
pruning,bert-large-uncased,ag_news,42,0.34,0.3397508695800645,0,0.944078947368421,0.9440258021193357,,
pruning,bert-large-uncased,ag_news,42,0.35,0.3497435435725452,0,0.9423684210526316,0.9423142147478977,,
pruning,bert-large-uncased,ag_news,42,0.36,0.35973621756502594,0,0.9413157894736842,0.9413154758248514,,
pruning,bert-large-uncased,ag_news,42,0.37,0.3697288882600581,0,0.9397368421052632,0.9398089914090849,,
pruning,bert-large-uncased,ag_news,42,0.38,0.37972156225253884,0,0.9365789473684211,0.9366329853830012,,
pruning,bert-large-uncased,ag_news,42,0.39,0.389714232947571,0,0.9310526315789474,0.9312099272641906,,
pruning,bert-large-uncased,ag_news,42,0.4,0.39970690694005173,0,0.930921052631579,0.9310942044812947,,
pruning,bert-large-uncased,ag_news,42,0.41,0.40969958093253245,0,0.920921052631579,0.9211685285280011,,
pruning,bert-large-uncased,ag_news,42,0.42,0.4196922516275646,0,0.9131578947368421,0.9133908244798361,,
pruning,bert-large-uncased,ag_news,42,0.43,0.42968492562004534,0,0.9052631578947369,0.9056446177277644,,
pruning,bert-large-uncased,ag_news,42,0.44,0.4396775963150774,0,0.9039473684210526,0.9042352112824715,,
pruning,bert-large-uncased,ag_news,42,0.45,0.44967027030755813,0,0.8989473684210526,0.8994052823222447,,
pruning,bert-large-uncased,ag_news,42,0.46,0.45966294430003896,0,0.8964473684210527,0.8970546529650205,,
pruning,bert-large-uncased,ag_news,42,0.47,0.469655614995071,0,0.8943421052631579,0.894960280694246,,
pruning,bert-large-uncased,ag_news,42,0.48,0.47964828898755174,0,0.8881578947368421,0.8888342089690509,,
pruning,bert-large-uncased,ag_news,42,0.49,0.4896409596825839,0,0.8848684210526315,0.8855429531275999,,
pruning,bert-large-uncased,ag_news,42,0.5,0.49963363367506464,0,0.8772368421052632,0.8779521603852726,,
pruning,bert-large-uncased,ag_news,42,0.51,0.5096263076675454,0,0.8777631578947368,0.8786339907558562,,
pruning,bert-large-uncased,ag_news,42,0.52,0.5196189783625775,0,0.8669736842105263,0.8678139529465096,,
pruning,bert-large-uncased,ag_news,42,0.53,0.5296116523550582,0,0.8768421052631579,0.8776031364170732,,
pruning,bert-large-uncased,ag_news,42,0.54,0.5396043230500904,0,0.8593421052631579,0.8600703484267427,,
pruning,bert-large-uncased,ag_news,42,0.55,0.5495969970425711,0,0.8525,0.8535689268406055,,
pruning,bert-large-uncased,ag_news,42,0.56,0.5595896710350519,0,0.7643421052631579,0.7719823633656566,,
pruning,bert-large-uncased,ag_news,42,0.57,0.569582341730084,0,0.6693421052631578,0.6805525573671638,,
pruning,bert-large-uncased,ag_news,42,0.58,0.5795750157225648,0,0.6185526315789474,0.6201045546886585,,
pruning,bert-large-uncased,ag_news,42,0.59,0.5895676864175968,0,0.47342105263157896,0.42728904554143554,,
pruning,bert-large-uncased,ag_news,42,0.6,0.5995603604100775,0,0.27539473684210525,0.18074850522533717,,
pruning,bert-large-uncased,ag_news,42,0.61,0.6095530344025584,0,0.2668421052631579,0.16727082744698835,,
pruning,bert-large-uncased,ag_news,42,0.62,0.6195457050975904,0,0.24907894736842107,0.09971554993678887,,
pruning,bert-large-uncased,ag_news,42,0.63,0.6295383790900712,0,0.2506578947368421,0.10286938893297427,,
pruning,bert-large-uncased,ag_news,42,0.64,0.6395310497851032,0,0.25,0.1,,
pruning,bert-large-uncased,ag_news,42,0.65,0.649523723777584,0,0.25223684210526315,0.11802621287611868,,
pruning,bert-large-uncased,ag_news,42,0.66,0.6595163977700648,0,0.24407894736842106,0.14484484789109203,,
pruning,bert-large-uncased,ag_news,42,0.67,0.6695090684650968,0,0.26881578947368423,0.18898496791149277,,
pruning,bert-large-uncased,ag_news,42,0.68,0.6795017424575776,0,0.24986842105263157,0.09995789030424256,,
pruning,bert-large-uncased,ag_news,42,0.69,0.6894944131526097,0,0.2643421052631579,0.17051998539232627,,
pruning,bert-large-uncased,ag_news,42,0.7,0.6994870871450904,0,0.23776315789473684,0.1077021746471104,,
pruning,bert-large-uncased,ag_news,42,0.71,0.7094797611375712,0,0.24921052631578947,0.09984185556141276,,
pruning,bert-large-uncased,ag_news,42,0.72,0.7194724318326033,0,0.2475,0.16427395984568946,,
pruning,bert-large-uncased,ag_news,42,0.73,0.7294651058250841,0,0.25,0.1,,
pruning,bert-large-uncased,ag_news,42,0.74,0.7394577765201162,0,0.25,0.1,,
pruning,bert-large-uncased,ag_news,42,0.75,0.749450450512597,0,0.25,0.1,,
pruning,bert-large-uncased,ag_news,42,0.76,0.7594431245050777,0,0.25,0.1,,
pruning,bert-large-uncased,ag_news,42,0.77,0.7694357952001099,0,0.25,0.1,,
pruning,bert-large-uncased,ag_news,42,0.78,0.7794284691925906,0,0.25,0.1,,
pruning,bert-large-uncased,ag_news,42,0.79,0.7894211398876227,0,0.25,0.1,,
pruning,bert-large-uncased,ag_news,42,0.8,0.7994138138801035,0,0.25684210526315787,0.12982956374029056,,
pruning,bert-large-uncased,ag_news,42,0.81,0.8094064878725842,0,0.25,0.1,,
pruning,bert-large-uncased,ag_news,42,0.82,0.8193991585676162,0,0.25105263157894736,0.1069348129398171,,
pruning,bert-large-uncased,ag_news,42,0.83,0.8293918325600971,0,0.25,0.1,,
pruning,bert-large-uncased,ag_news,42,0.84,0.8393845032551291,0,0.25,0.1,,
pruning,bert-large-uncased,ag_news,42,0.85,0.8493771772476099,0,0.25,0.1,,
pruning,bert-large-uncased,ag_news,42,0.86,0.8593698512400907,0,0.25,0.10001052742393936,,
pruning,bert-large-uncased,ag_news,42,0.87,0.8693625219351228,0,0.25,0.1,,
pruning,bert-large-uncased,ag_news,42,0.88,0.8793551959276035,0,0.25,0.1,,
pruning,bert-large-uncased,ag_news,42,0.89,0.8893478666226357,0,0.25,0.1,,
pruning,bert-large-uncased,ag_news,42,0.9,0.8993405406151164,0,0.25,0.1,,
pruning,bert-large-uncased,ag_news,42,0.91,0.9093332146075971,0,0.25,0.1,,
pruning,bert-large-uncased,ag_news,42,0.92,0.9193258853026292,0,0.25,0.1,,
pruning,bert-large-uncased,ag_news,42,0.93,0.92931855929511,0,0.25,0.1,,
pruning,bert-large-uncased,ag_news,42,0.94,0.939311229990142,0,0.25,0.1,,
pruning,bert-large-uncased,ag_news,42,0.95,0.9493039039826228,0,0.25,0.1,,
pruning,bert-large-uncased,ag_news,42,0.96,0.9592965779751036,0,0.25,0.1,,
pruning,bert-large-uncased,ag_news,42,0.97,0.9692892486701357,0,0.25,0.1,,
pruning,bert-large-uncased,ag_news,42,0.98,0.9792819226626164,0,0.25,0.1,,
pruning,bert-large-uncased,ag_news,42,0.99,0.9892745933576486,0,0.25,0.1,,
pruning,bert-base-uncased,dbpedia_14,42,0.0,0.0,0,0.9933571428571428,0.9933573630839222,,
pruning,bert-base-uncased,dbpedia_14,42,0.01,0.00999021735349781,0,0.9933571428571428,0.9933573630839222,,
pruning,bert-base-uncased,dbpedia_14,42,0.02,0.019980446386651862,0,0.9933571428571428,0.9933573630839222,,
pruning,bert-base-uncased,dbpedia_14,42,0.03,0.029970663740149672,0,0.9933428571428572,0.9933430959940536,,
pruning,bert-base-uncased,dbpedia_14,42,0.04,0.03996088109364748,0,0.9933142857142857,0.9933145728237632,,
pruning,bert-base-uncased,dbpedia_14,42,0.05,0.049951110126801535,0,0.9933428571428572,0.9933428213537187,,
pruning,bert-base-uncased,dbpedia_14,42,0.06,0.059941327480299345,0,0.9933428571428572,0.9933428213537187,,
pruning,bert-base-uncased,dbpedia_14,42,0.07,0.06993154483379715,0,0.9933,0.9933001200666778,,
pruning,bert-base-uncased,dbpedia_14,42,0.08,0.07992177386695132,0,0.9933142857142857,0.9933146843923331,,
pruning,bert-base-uncased,dbpedia_14,42,0.09,0.08991199122044913,0,0.9933,0.9933004502901541,,
pruning,bert-base-uncased,dbpedia_14,42,0.1,0.09990220857394694,0,0.9932714285714286,0.9932717598752674,,
pruning,bert-base-uncased,dbpedia_14,42,0.11,0.10989243760710099,0,0.9933,0.9933004685488614,,
pruning,bert-base-uncased,dbpedia_14,42,0.12,0.1198826549605988,0,0.9932857142857143,0.9932861528875131,,
pruning,bert-base-uncased,dbpedia_14,42,0.13,0.1298728723140966,0,0.9932857142857143,0.9932864941387402,,
pruning,bert-base-uncased,dbpedia_14,42,0.14,0.13986308966759442,0,0.9932714285714286,0.9932724162983437,,
pruning,bert-base-uncased,dbpedia_14,42,0.15,0.14985331870074847,0,0.9932428571428571,0.9932438360656272,,
pruning,bert-base-uncased,dbpedia_14,42,0.16,0.15984353605424628,0,0.9933,0.9933012529332677,,
pruning,bert-base-uncased,dbpedia_14,42,0.17,0.1698337534077441,0,0.9933428571428572,0.9933445959036545,,
pruning,bert-base-uncased,dbpedia_14,42,0.18,0.17982398244089814,0,0.9932714285714286,0.9932730433496759,,
pruning,bert-base-uncased,dbpedia_14,42,0.19,0.18981419979439595,0,0.9933142857142857,0.9933163621059691,,
pruning,bert-base-uncased,dbpedia_14,42,0.2,0.19980441714789376,0,0.9932857142857143,0.9932877220026805,,
pruning,bert-base-uncased,dbpedia_14,42,0.21,0.20979464618104793,0,0.9932285714285715,0.9932309170470299,,
pruning,bert-base-uncased,dbpedia_14,42,0.22,0.21978486353454574,0,0.9932571428571428,0.9932592624127059,,
pruning,bert-base-uncased,dbpedia_14,42,0.23,0.22977508088804355,0,0.9932428571428571,0.9932449456388842,,
pruning,bert-base-uncased,dbpedia_14,42,0.24,0.2397653099211976,0,0.9932428571428571,0.9932449630293594,,
pruning,bert-base-uncased,dbpedia_14,42,0.25,0.2497555272746954,0,0.9932714285714286,0.9932736669679525,,
pruning,bert-base-uncased,dbpedia_14,42,0.26,0.2597457446281932,0,0.9932428571428571,0.9932446730644499,,
pruning,bert-base-uncased,dbpedia_14,42,0.27,0.2697359736613473,0,0.9933714285714286,0.9933739164738321,,
pruning,bert-base-uncased,dbpedia_14,42,0.28,0.2797261910148451,0,0.9933714285714286,0.993374307117417,,
pruning,bert-base-uncased,dbpedia_14,42,0.29,0.2897164083683429,0,0.9933428571428572,0.9933459932163548,,
pruning,bert-base-uncased,dbpedia_14,42,0.3,0.29970663740149694,0,0.9932714285714286,0.9932746312503632,,
pruning,bert-base-uncased,dbpedia_14,42,0.31,0.30969685475499475,0,0.9931571428571428,0.9931605997780909,,
pruning,bert-base-uncased,dbpedia_14,42,0.32,0.31968707210849256,0,0.9932714285714286,0.9932748445308764,,
pruning,bert-base-uncased,dbpedia_14,42,0.33,0.32967730114164673,0,0.9932285714285715,0.9932320131488251,,
pruning,bert-base-uncased,dbpedia_14,42,0.34,0.33966751849514454,0,0.9932714285714286,0.9932748145292146,,
pruning,bert-base-uncased,dbpedia_14,42,0.35,0.34965773584864235,0,0.9931714285714286,0.9931752334615914,,
pruning,bert-base-uncased,dbpedia_14,42,0.36,0.3596479648817964,0,0.9931857142857143,0.9931890330146611,,
pruning,bert-base-uncased,dbpedia_14,42,0.37,0.3696381822352942,0,0.9931857142857143,0.9931896356292667,,
pruning,bert-base-uncased,dbpedia_14,42,0.38,0.379628399588792,0,0.9931714285714286,0.9931749472322585,,
pruning,bert-base-uncased,dbpedia_14,42,0.39,0.38961861694228983,0,0.9931285714285715,0.9931314896192146,,
pruning,bert-base-uncased,dbpedia_14,42,0.4,0.3996088459754439,0,0.9931285714285715,0.9931327785675274,,
pruning,bert-base-uncased,dbpedia_14,42,0.41,0.4095990633289417,0,0.9931285714285715,0.993132065647048,,
pruning,bert-base-uncased,dbpedia_14,42,0.42,0.4195892806824395,0,0.9930285714285715,0.993032195938196,,
pruning,bert-base-uncased,dbpedia_14,42,0.43,0.42957950971559355,0,0.9929571428571429,0.992961090590147,,
pruning,bert-base-uncased,dbpedia_14,42,0.44,0.43956972706909136,0,0.9928714285714285,0.9928751735919281,,
pruning,bert-base-uncased,dbpedia_14,42,0.45,0.4495599444225892,0,0.9927285714285714,0.9927335146825024,,
pruning,bert-base-uncased,dbpedia_14,42,0.46,0.45955017345574334,0,0.9925714285714285,0.9925763363257004,,
pruning,bert-base-uncased,dbpedia_14,42,0.47,0.46954039080924115,0,0.9925571428571428,0.9925645965148425,,
pruning,bert-base-uncased,dbpedia_14,42,0.48,0.47953060816273896,0,0.9921857142857143,0.9921934349560511,,
pruning,bert-base-uncased,dbpedia_14,42,0.49,0.489520837195893,0,0.9919857142857142,0.99199619817634,,
pruning,bert-base-uncased,dbpedia_14,42,0.5,0.4995110545493908,0,0.9916,0.9916159819372458,,
pruning,bert-base-uncased,dbpedia_14,42,0.51,0.5095012719028886,0,0.9911714285714286,0.9911897758133673,,
pruning,bert-base-uncased,dbpedia_14,42,0.52,0.5194915009360427,0,0.9903714285714286,0.9903928885191916,,
pruning,bert-base-uncased,dbpedia_14,42,0.53,0.5294817182895405,0,0.9890428571428571,0.989066056763373,,
pruning,bert-base-uncased,dbpedia_14,42,0.54,0.5394719356430383,0,0.9866714285714285,0.986709875874366,,
pruning,bert-base-uncased,dbpedia_14,42,0.55,0.5494621646761924,0,0.9817428571428571,0.9818397391244542,,
pruning,bert-base-uncased,dbpedia_14,42,0.56,0.5594523820296902,0,0.9751428571428571,0.9754053435747673,,
pruning,bert-base-uncased,dbpedia_14,42,0.57,0.569442599383188,0,0.9634571428571429,0.9639375916834952,,
pruning,bert-base-uncased,dbpedia_14,42,0.58,0.5794328284163421,0,0.9198571428571428,0.9216785836876978,,
pruning,bert-base-uncased,dbpedia_14,42,0.59,0.58942304576984,0,0.8203571428571429,0.8205136011024626,,
pruning,bert-base-uncased,dbpedia_14,42,0.6,0.5994132631233378,0,0.7213714285714286,0.701697459074723,,
pruning,bert-base-uncased,dbpedia_14,42,0.61,0.6094034921564918,0,0.6039142857142857,0.5650527172736438,,
pruning,bert-base-uncased,dbpedia_14,42,0.62,0.6193937095099896,0,0.47077142857142856,0.4141243910451255,,
pruning,bert-base-uncased,dbpedia_14,42,0.63,0.6293839268634874,0,0.3923142857142857,0.3277995281542669,,
pruning,bert-base-uncased,dbpedia_14,42,0.64,0.6393741442169852,0,0.3341857142857143,0.2507516488668987,,
pruning,bert-base-uncased,dbpedia_14,42,0.65,0.6493643732501393,0,0.2532142857142857,0.17700010431794735,,
pruning,bert-base-uncased,dbpedia_14,42,0.66,0.6593545906036371,0,0.17185714285714285,0.08436987655358281,,
pruning,bert-base-uncased,dbpedia_14,42,0.67,0.6693448079571349,0,0.1929,0.09475285182034524,,
pruning,bert-base-uncased,dbpedia_14,42,0.68,0.6793350369902891,0,0.19058571428571427,0.07052083721133665,,
pruning,bert-base-uncased,dbpedia_14,42,0.69,0.6893252543437869,0,0.16032857142857143,0.07784979372809783,,
pruning,bert-base-uncased,dbpedia_14,42,0.7,0.6993154716972847,0,0.1201,0.029802802821078396,,
pruning,bert-base-uncased,dbpedia_14,42,0.71,0.7093057007304386,0,0.07174285714285714,0.010152421824433428,,
pruning,bert-base-uncased,dbpedia_14,42,0.72,0.7192959180839364,0,0.07495714285714286,0.016279055892320177,,
pruning,bert-base-uncased,dbpedia_14,42,0.73,0.7292861354374343,0,0.07168571428571428,0.01003879081072723,,
pruning,bert-base-uncased,dbpedia_14,42,0.74,0.7392763644705884,0,0.07285714285714286,0.013379229076214163,,
pruning,bert-base-uncased,dbpedia_14,42,0.75,0.7492665818240862,0,0.0721,0.011344967827725993,,
pruning,bert-base-uncased,dbpedia_14,42,0.76,0.759256799177584,0,0.1197,0.03646086424642926,,
pruning,bert-base-uncased,dbpedia_14,42,0.77,0.7692470282107381,0,0.07272857142857143,0.01201104791343365,,
pruning,bert-base-uncased,dbpedia_14,42,0.78,0.7792372455642359,0,0.07191428571428571,0.010493836131990852,,
pruning,bert-base-uncased,dbpedia_14,42,0.79,0.7892274629177337,0,0.1091,0.032765954151089086,,
pruning,bert-base-uncased,dbpedia_14,42,0.8,0.7992176919508878,0,0.07152857142857143,0.021225156747810357,,
pruning,bert-base-uncased,dbpedia_14,42,0.81,0.8092079093043856,0,0.0666,0.010537709487824436,,
pruning,bert-base-uncased,dbpedia_14,42,0.82,0.8191981266578834,0,0.08308571428571429,0.02142429220505319,,
pruning,bert-base-uncased,dbpedia_14,42,0.83,0.8291883556910375,0,0.09018571428571429,0.021941325085294672,,
pruning,bert-base-uncased,dbpedia_14,42,0.84,0.8391785730445354,0,0.0617,0.011755358535298232,,
pruning,bert-base-uncased,dbpedia_14,42,0.85,0.8491687903980332,0,0.06654285714285714,0.01480452851657192,,
pruning,bert-base-uncased,dbpedia_14,42,0.86,0.8591590194311872,0,0.07142857142857142,0.009763136850411056,,
pruning,bert-base-uncased,dbpedia_14,42,0.87,0.869149236784685,0,0.07108571428571428,0.00971738674367734,,
pruning,bert-base-uncased,dbpedia_14,42,0.88,0.8791394541381828,0,0.0714,0.009592379696294784,,
pruning,bert-base-uncased,dbpedia_14,42,0.89,0.8891296714916807,0,0.07397142857142858,0.01428338118001793,,
pruning,bert-base-uncased,dbpedia_14,42,0.9,0.8991199005248347,0,0.06984285714285714,0.010630370520395284,,
pruning,bert-base-uncased,dbpedia_14,42,0.91,0.9091101178783325,0,0.0713,0.010573348169946331,,
pruning,bert-base-uncased,dbpedia_14,42,0.92,0.9191003352318303,0,0.10144285714285714,0.025655437375715906,,
pruning,bert-base-uncased,dbpedia_14,42,0.93,0.9290905642649844,0,0.08997142857142858,0.028059452127307618,,
pruning,bert-base-uncased,dbpedia_14,42,0.94,0.9390807816184822,0,0.07142857142857142,0.009523809523809523,,
pruning,bert-base-uncased,dbpedia_14,42,0.95,0.94907099897198,0,0.07142857142857142,0.009523809523809523,,
pruning,bert-base-uncased,dbpedia_14,42,0.96,0.959061228005134,0,0.07142857142857142,0.009523809523809523,,
pruning,bert-base-uncased,dbpedia_14,42,0.97,0.9690514453586319,0,0.07142857142857142,0.009523809523809523,,
pruning,bert-base-uncased,dbpedia_14,42,0.98,0.9790416627121297,0,0.07142857142857142,0.009523809523809523,,
pruning,bert-base-uncased,dbpedia_14,42,0.99,0.9890318917452838,0,0.07142857142857142,0.009523809523809523,,
pruning,bert-large-uncased,dbpedia_14,42,0.0,0.0,0,0.9934142857142857,0.9934140379647781,,
pruning,bert-large-uncased,dbpedia_14,42,0.01,0.009992672591414453,0,0.9934142857142857,0.9934140379647781,,
pruning,bert-large-uncased,dbpedia_14,42,0.02,0.019985345182828795,0,0.9934142857142857,0.9934140364387299,,
pruning,bert-large-uncased,dbpedia_14,42,0.03,0.02997801777424325,0,0.9934428571428572,0.9934426500002742,,
pruning,bert-large-uncased,dbpedia_14,42,0.04,0.03997069036565759,0,0.9933857142857143,0.9933853913306405,,
pruning,bert-large-uncased,dbpedia_14,42,0.05,0.049963362957072044,0,0.9934142857142857,0.9934140545504748,,
pruning,bert-large-uncased,dbpedia_14,42,0.06,0.059956035548486386,0,0.9933428571428572,0.9933426008919416,,
pruning,bert-large-uncased,dbpedia_14,42,0.07,0.06994870813990084,0,0.9934285714285714,0.9934282791764011,,
pruning,bert-large-uncased,dbpedia_14,42,0.08,0.07994138073131518,0,0.9934142857142857,0.9934139900249278,,
pruning,bert-large-uncased,dbpedia_14,42,0.09,0.08993405332272963,0,0.9934,0.9933995814507043,,
pruning,bert-large-uncased,dbpedia_14,42,0.1,0.09992672591414398,0,0.9934428571428572,0.9934425870430136,,
pruning,bert-large-uncased,dbpedia_14,42,0.11,0.10991939850555843,0,0.9934428571428572,0.9934423784941103,,
pruning,bert-large-uncased,dbpedia_14,42,0.12,0.11991207109697288,0,0.9934285714285714,0.9934285136375427,,
pruning,bert-large-uncased,dbpedia_14,42,0.13,0.12990474368838723,0,0.9934428571428572,0.9934429647962931,,
pruning,bert-large-uncased,dbpedia_14,42,0.14,0.13989741627980168,0,0.9934,0.9933998531625167,,
pruning,bert-large-uncased,dbpedia_14,42,0.15,0.14989008887121602,0,0.9933714285714286,0.993371433981044,,
pruning,bert-large-uncased,dbpedia_14,42,0.16,0.15988276146263047,0,0.9934571428571428,0.9934575303827466,,
pruning,bert-large-uncased,dbpedia_14,42,0.17,0.16987543405404482,0,0.9934571428571428,0.9934574769870059,,
pruning,bert-large-uncased,dbpedia_14,42,0.18,0.17986810664545927,0,0.9935142857142857,0.9935150100311329,,
pruning,bert-large-uncased,dbpedia_14,42,0.19,0.1898607792368736,0,0.9934428571428572,0.9934436348628948,,
pruning,bert-large-uncased,dbpedia_14,42,0.2,0.19985345182828806,0,0.9934571428571428,0.9934577817169779,,
pruning,bert-large-uncased,dbpedia_14,42,0.21,0.2098461244197024,0,0.9934,0.993399999085498,,
pruning,bert-large-uncased,dbpedia_14,42,0.22,0.21983879701111686,0,0.9934714285714286,0.9934713147981427,,
pruning,bert-large-uncased,dbpedia_14,42,0.23,0.2298314696025313,0,0.9934142857142857,0.993414593217811,,
pruning,bert-large-uncased,dbpedia_14,42,0.24,0.23982414219394566,0,0.9934,0.9934001654274104,,
pruning,bert-large-uncased,dbpedia_14,42,0.25,0.2498168147853601,0,0.9933714285714286,0.9933707628483062,,
pruning,bert-large-uncased,dbpedia_14,42,0.26,0.25980948737677445,0,0.9934,0.9933992299120288,,
pruning,bert-large-uncased,dbpedia_14,42,0.27,0.2698021599681889,0,0.9934142857142857,0.9934139708039442,,
pruning,bert-large-uncased,dbpedia_14,42,0.28,0.27979483255960325,0,0.9933714285714286,0.9933705326796405,,
pruning,bert-large-uncased,dbpedia_14,42,0.29,0.2897875051510177,0,0.9934428571428572,0.9934420782319958,,
pruning,bert-large-uncased,dbpedia_14,42,0.3,0.29978017774243204,0,0.9934285714285714,0.9934279178349843,,
pruning,bert-large-uncased,dbpedia_14,42,0.31,0.3097728503338465,0,0.9933571428571428,0.993355795947336,,
pruning,bert-large-uncased,dbpedia_14,42,0.32,0.31976552292526084,0,0.9933285714285714,0.9933270007505969,,
pruning,bert-large-uncased,dbpedia_14,42,0.33,0.3297581955166753,0,0.9932714285714286,0.9932704647875327,,
pruning,bert-large-uncased,dbpedia_14,42,0.34,0.33975086810808974,0,0.9932857142857143,0.9932846433785771,,
pruning,bert-large-uncased,dbpedia_14,42,0.35,0.3497435406995041,0,0.9930714285714286,0.9930702835474997,,
pruning,bert-large-uncased,dbpedia_14,42,0.36,0.35973621329091854,0,0.9931142857142857,0.9931128461295019,,
pruning,bert-large-uncased,dbpedia_14,42,0.37,0.3697288858823329,0,0.9930714285714286,0.993068445084476,,
pruning,bert-large-uncased,dbpedia_14,42,0.38,0.37972155847374733,0,0.9928571428571429,0.9928535634649325,,
pruning,bert-large-uncased,dbpedia_14,42,0.39,0.3897142310651617,0,0.9926428571428572,0.9926397206539075,,
pruning,bert-large-uncased,dbpedia_14,42,0.4,0.39970690365657613,0,0.9925,0.9924973364215973,,
pruning,bert-large-uncased,dbpedia_14,42,0.41,0.40969957624799047,0,0.9924,0.9923969059166253,,
pruning,bert-large-uncased,dbpedia_14,42,0.42,0.4196922488394049,0,0.9920571428571429,0.9920528328851403,,
pruning,bert-large-uncased,dbpedia_14,42,0.43,0.42968492143081927,0,0.9910142857142857,0.9910059538514605,,
pruning,bert-large-uncased,dbpedia_14,42,0.44,0.4396775940222337,0,0.9908571428571429,0.9908504063621769,,
pruning,bert-large-uncased,dbpedia_14,42,0.45,0.4496702666136482,0,0.9906714285714285,0.9906638943369191,,
pruning,bert-large-uncased,dbpedia_14,42,0.46,0.4596629392050625,0,0.9898142857142858,0.989804463992599,,
pruning,bert-large-uncased,dbpedia_14,42,0.47,0.46965561179647697,0,0.9882428571428571,0.9882412501158103,,
pruning,bert-large-uncased,dbpedia_14,42,0.48,0.4796482843878913,0,0.9876571428571429,0.9876750554606909,,
pruning,bert-large-uncased,dbpedia_14,42,0.49,0.48964095697930576,0,0.9850571428571429,0.985084789564822,,
pruning,bert-large-uncased,dbpedia_14,42,0.5,0.4996336295707201,0,0.9792428571428572,0.9793029258688196,,
pruning,bert-large-uncased,dbpedia_14,42,0.51,0.5096263021621346,0,0.9726571428571429,0.9728515959786933,,
pruning,bert-large-uncased,dbpedia_14,42,0.52,0.5196189747535489,0,0.9457714285714286,0.9475458725206406,,
pruning,bert-large-uncased,dbpedia_14,42,0.53,0.5296116473449634,0,0.9231285714285714,0.9264494540181331,,
pruning,bert-large-uncased,dbpedia_14,42,0.54,0.5396043199363778,0,0.8566428571428572,0.8642529679947872,,
pruning,bert-large-uncased,dbpedia_14,42,0.55,0.5495969925277921,0,0.8894857142857143,0.8931002472920166,,
pruning,bert-large-uncased,dbpedia_14,42,0.56,0.5595896651192065,0,0.8073857142857143,0.800479634147089,,
pruning,bert-large-uncased,dbpedia_14,42,0.57,0.569582337710621,0,0.7860285714285714,0.7672731936573404,,
pruning,bert-large-uncased,dbpedia_14,42,0.58,0.5795750103020354,0,0.7099285714285715,0.682493573474184,,
pruning,bert-large-uncased,dbpedia_14,42,0.59,0.5895676828934497,0,0.5596571428571429,0.5263165572270275,,
pruning,bert-large-uncased,dbpedia_14,42,0.6,0.5995603554848641,0,0.35741428571428574,0.31928879571501223,,
pruning,bert-large-uncased,dbpedia_14,42,0.61,0.6095530280762786,0,0.26871428571428574,0.18175378991954633,,
pruning,bert-large-uncased,dbpedia_14,42,0.62,0.619545700667693,0,0.12005714285714286,0.05248887479470232,,
pruning,bert-large-uncased,dbpedia_14,42,0.63,0.6295383732591073,0,0.09211428571428572,0.03465859685920172,,
pruning,bert-large-uncased,dbpedia_14,42,0.64,0.6395310458505218,0,0.08337142857142857,0.05231336737376076,,
pruning,bert-large-uncased,dbpedia_14,42,0.65,0.6495237184419362,0,0.10444285714285714,0.05801310490320962,,
pruning,bert-large-uncased,dbpedia_14,42,0.66,0.6595163910333506,0,0.08188571428571428,0.029197864069655362,,
pruning,bert-large-uncased,dbpedia_14,42,0.67,0.6695090636247649,0,0.07141428571428571,0.00968589884794763,,
pruning,bert-large-uncased,dbpedia_14,42,0.68,0.6795017362161794,0,0.07994285714285715,0.01985643757988904,,
pruning,bert-large-uncased,dbpedia_14,42,0.69,0.6894944088075938,0,0.08348571428571429,0.021186772701395313,,
pruning,bert-large-uncased,dbpedia_14,42,0.7,0.6994870813990082,0,0.07142857142857142,0.009523809523809523,,
pruning,bert-large-uncased,dbpedia_14,42,0.71,0.7094797539904225,0,0.07142857142857142,0.009523809523809523,,
pruning,bert-large-uncased,dbpedia_14,42,0.72,0.7194724265818371,0,0.07147142857142857,0.009614256401879243,,
pruning,bert-large-uncased,dbpedia_14,42,0.73,0.7294650991732514,0,0.07954285714285714,0.02481113940626195,,
pruning,bert-large-uncased,dbpedia_14,42,0.74,0.7394577717646658,0,0.07142857142857142,0.009523809523809523,,
pruning,bert-large-uncased,dbpedia_14,42,0.75,0.7494504443560802,0,0.09214285714285714,0.02267092482710368,,
pruning,bert-large-uncased,dbpedia_14,42,0.76,0.7594431169474947,0,0.07151428571428571,0.009702990207826473,,
pruning,bert-large-uncased,dbpedia_14,42,0.77,0.769435789538909,0,0.07142857142857142,0.009523809523809523,,
pruning,bert-large-uncased,dbpedia_14,42,0.78,0.7794284621303234,0,0.08998571428571428,0.029758202640557584,,
pruning,bert-large-uncased,dbpedia_14,42,0.79,0.7894211347217378,0,0.07197142857142858,0.014019998671792058,,
pruning,bert-large-uncased,dbpedia_14,42,0.8,0.7994138073131523,0,0.07142857142857142,0.009523809523809523,,
pruning,bert-large-uncased,dbpedia_14,42,0.81,0.8094064799045666,0,0.07142857142857142,0.009523809523809523,,
pruning,bert-large-uncased,dbpedia_14,42,0.82,0.819399152495981,0,0.09117142857142857,0.031705807807910276,,
pruning,bert-large-uncased,dbpedia_14,42,0.83,0.8293918250873954,0,0.07142857142857142,0.009523809523809523,,
pruning,bert-large-uncased,dbpedia_14,42,0.84,0.8393844976788098,0,0.07142857142857142,0.009523809523809523,,
pruning,bert-large-uncased,dbpedia_14,42,0.85,0.8493771702702242,0,0.07142857142857142,0.009523809523809523,,
pruning,bert-large-uncased,dbpedia_14,42,0.86,0.8593698428616386,0,0.07142857142857142,0.009523936509629653,,
pruning,bert-large-uncased,dbpedia_14,42,0.87,0.8693625154530531,0,0.0919,0.028909141372671872,,
pruning,bert-large-uncased,dbpedia_14,42,0.88,0.8793551880444674,0,0.07142857142857142,0.009524698495669118,,
pruning,bert-large-uncased,dbpedia_14,42,0.89,0.8893478606358818,0,0.07142857142857142,0.009523809523809523,,
pruning,bert-large-uncased,dbpedia_14,42,0.9,0.8993405332272962,0,0.07142857142857142,0.009523936509629653,,
pruning,bert-large-uncased,dbpedia_14,42,0.91,0.9093332058187107,0,0.07142857142857142,0.00955244524444296,,
pruning,bert-large-uncased,dbpedia_14,42,0.92,0.919325878410125,0,0.07142857142857142,0.009523809523809523,,
pruning,bert-large-uncased,dbpedia_14,42,0.93,0.9293185510015395,0,0.07142857142857142,0.009523809523809523,,
pruning,bert-large-uncased,dbpedia_14,42,0.94,0.9393112235929538,0,0.07142857142857142,0.009523809523809523,,
pruning,bert-large-uncased,dbpedia_14,42,0.95,0.9493038961843683,0,0.07142857142857142,0.009523809523809523,,
pruning,bert-large-uncased,dbpedia_14,42,0.96,0.9592965687757826,0,0.07142857142857142,0.009523809523809523,,
pruning,bert-large-uncased,dbpedia_14,42,0.97,0.9692892413671971,0,0.07142857142857142,0.009523809523809523,,
pruning,bert-large-uncased,dbpedia_14,42,0.98,0.9792819139586114,0,0.07142857142857142,0.009523809523809523,,
pruning,bert-large-uncased,dbpedia_14,42,0.99,0.9892745865500259,0,0.07142857142857142,0.009523809523809523,,
